,TRIAL,STx,Nrate,GY,Y0,Ymax,NR,NRr,NAE
1,1,silty clay loam,84,14.434000000000001,13.317,15.495999999999999,1.1170000000000009,8.387775024404903,13.298
2,1,silty clay loam,140,15.267000000000001,13.317,15.495999999999999,1.950000000000001,14.642937598558243,13.929
3,1,silty clay loam,196,15.405,13.317,15.495999999999999,2.087999999999999,15.67920702861004,10.653
4,1,silty clay loam,280,15.495999999999999,13.317,15.495999999999999,2.1789999999999985,16.362544116542754,7.782
6,4,silt loam,84,11.287,9.742,11.472999999999999,1.545,15.85916649558612,18.393
7,4,silt loam,140,11.037,9.742,11.472999999999999,1.295,13.292958324779306,9.25
8,4,silt loam,196,10.963,9.742,11.472999999999999,1.2209999999999983,12.53336070622047,6.23
9,4,silt loam,280,11.472999999999999,9.742,11.472999999999999,1.730999999999998,17.76842537466637,6.182
11,5,silt loam,140,12.75,10.969000000000001,13.638,1.7809999999999988,16.236666970553365,12.721
12,5,silt loam,196,12.845,10.969000000000001,13.638,1.8759999999999994,17.10274409700063,9.571
13,5,silt loam,252,12.562999999999999,10.969000000000001,13.638,1.5939999999999976,14.531862521651906,6.325
14,5,silt loam,336,13.638,10.969000000000001,13.638,2.6689999999999987,24.332208952502494,7.943
16,13,silty clay,56,12.177,7.903,13.671,4.274,54.080728837150446,76.321
17,13,silty clay,112,13.397,7.903,13.671,5.494000000000001,69.51790459319247,49.054
18,13,silty clay,168,13.606,7.903,13.671,5.703,72.16246994812097,33.946
19,13,silty clay,280,13.671,7.903,13.671,5.768,72.98494242692648,20.6
21,29,silt loam,56,12.825999999999999,10.33,15.628,2.4959999999999987,24.162633107454003,44.571
22,29,silt loam,112,15.628,10.33,15.628,5.298,51.28751210067763,47.304
23,29,silt loam,168,15.107000000000001,10.33,15.628,4.777000000000001,46.243949661181034,28.435
24,29,silt loam,280,15.584000000000001,10.33,15.628,5.254000000000001,50.861568247821886,18.764
27,51,silt loam,36,5.037,4.157,6.71,0.8799999999999999,21.169112340630257,24.444
28,51,silt loam,62,5.989,4.157,6.71,1.8319999999999999,44.070242963675724,29.548
29,51,silt loam,89,5.443,4.157,6.71,1.2859999999999996,30.93577098869376,14.449
30,51,silt loam,116,5.6370000000000005,4.157,6.71,1.4800000000000004,35.60259802742363,12.759
31,51,silt loam,143,6.434,4.157,6.71,2.277,54.775078181380806,15.923
32,51,silt loam,170,6.5,4.157,6.71,2.343,56.36276160692807,13.782
26,51,silt loam,178,6.71,4.157,6.71,2.553,61.414481597305745,14.343
33,51,silt loam,196,6.599,4.157,6.71,2.442,58.744286745248985,12.459
36,53,silty clay loam,36,9.076,8.14,10.972999999999999,0.9359999999999999,11.498771498771497,26.0
37,53,silty clay loam,62,9.977,8.14,10.972999999999999,1.8369999999999997,22.56756756756756,29.629
38,53,silty clay loam,89,10.279000000000002,8.14,10.972999999999999,2.139000000000001,26.27764127764129,24.034
39,53,silty clay loam,116,10.208,8.14,10.972999999999999,2.0679999999999996,25.4054054054054,17.828
40,53,silty clay loam,143,10.497,8.14,10.972999999999999,2.3569999999999993,28.955773955773946,16.483
41,53,silty clay loam,170,10.703,8.14,10.972999999999999,2.562999999999999,31.48648648648647,15.076
35,53,silty clay loam,178,10.972999999999999,8.14,10.972999999999999,2.8329999999999984,34.80343980343979,15.916
42,53,silty clay loam,196,10.427,8.14,10.972999999999999,2.286999999999999,28.09582309582308,11.668
45,54,silt loam,36,12.577,10.334000000000001,13.81,2.2429999999999986,21.705051287013724,62.306
46,54,silt loam,62,11.779000000000002,10.334000000000001,13.81,1.4450000000000003,13.982968840719954,23.306
47,54,silt loam,89,11.005,10.334000000000001,13.81,0.6709999999999994,6.493129475517702,7.539
48,54,silt loam,116,13.25,10.334000000000001,13.81,2.9159999999999986,28.21753435262239,25.138
49,54,silt loam,143,12.717,10.334000000000001,13.81,2.382999999999999,23.05980259338106,16.664
50,54,silt loam,170,13.81,10.334000000000001,13.81,3.475999999999999,33.63653957809172,20.447
44,54,silt loam,178,11.482999999999999,10.334000000000001,13.81,1.1489999999999974,11.118637507257569,6.455
51,54,silt loam,196,10.857999999999999,10.334000000000001,13.81,0.5239999999999974,5.0706406038319844,2.673
54,59,silt loam,36,7.977,5.7989999999999995,12.697000000000001,2.178000000000001,37.55819968960167,60.5
55,59,silt loam,62,10.342,5.7989999999999995,12.697000000000001,4.543000000000001,78.34109329194692,73.274
56,59,silt loam,89,10.628,5.7989999999999995,12.697000000000001,4.829000000000001,83.27297809967237,54.258
57,59,silt loam,116,11.790999999999999,5.7989999999999995,12.697000000000001,5.991999999999999,103.32816002759095,51.655
58,59,silt loam,143,11.54,5.7989999999999995,12.697000000000001,5.741,98.99982755647527,40.147
59,59,silt loam,170,10.727,5.7989999999999995,12.697000000000001,4.928000000000001,84.98016899465426,28.988
53,59,silt loam,178,12.697000000000001,5.7989999999999995,12.697000000000001,6.8980000000000015,118.95154336954651,38.753
60,59,silt loam,196,11.978,5.7989999999999995,12.697000000000001,6.179,106.55285394033456,31.526
63,64,silt loam,36,10.288,7.557,16.767,2.731,36.138679370120414,75.861
64,64,silt loam,62,14.165,7.557,16.767,6.607999999999999,87.44210665608043,106.581
65,64,silt loam,89,12.965,7.557,16.767,5.4079999999999995,71.5627894667196,60.764
66,64,silt loam,116,15.571,7.557,16.767,8.014,106.04737329628158,69.086
67,64,silt loam,143,14.850999999999999,7.557,16.767,7.293999999999999,96.51978298266506,51.007
68,64,silt loam,170,16.767,7.557,16.767,9.209999999999999,121.87375942834456,54.176
62,64,silt loam,178,13.674000000000001,7.557,16.767,6.117000000000001,80.94481937276697,34.365
69,64,silt loam,196,15.877,7.557,16.767,8.32,110.0965991795686,42.449
71,106,loam,90,8.6,5.524,11.237,3.0759999999999996,55.684286748732795,34.178
72,106,loam,179,10.107000000000001,5.524,11.237,4.583000000000001,82.96524257784216,25.603
73,106,loam,269,11.237,5.524,11.237,5.713,103.42143374366401,21.238
75,109,loam,90,10.86,5.837999999999999,12.555,5.022,86.02261048304214,55.8
76,109,loam,179,12.304,5.837999999999999,12.555,6.466000000000001,110.75710859883526,36.123
77,109,loam,269,12.555,5.837999999999999,12.555,6.7170000000000005,115.05652620760536,24.97
79,110,loam,90,7.784,6.7170000000000005,7.784,1.0669999999999993,15.885067738573754,11.856
80,110,loam,179,7.659,6.7170000000000005,7.784,0.9419999999999993,14.02411790978114,5.263
81,110,loam,269,7.47,6.7170000000000005,7.784,0.7529999999999992,11.210361768646706,2.799
83,121,silty clay loam,90,10.981,6.627999999999999,12.606,4.353000000000001,65.67592033796019,48.367
84,121,silty clay loam,179,12.475999999999999,6.627999999999999,12.606,5.848,88.23174411587206,32.67
85,121,silty clay loam,269,12.606,6.627999999999999,12.606,5.978000000000001,90.19312009656007,22.223
87,162,silt loam,50,7.462000000000001,3.693,12.085,3.7690000000000006,102.05794746818306,75.38
88,162,silt loam,100,10.552999999999999,3.693,12.085,6.859999999999999,185.75683725968045,68.6
89,162,silt loam,150,12.06,3.693,12.085,8.367,226.5637692932575,55.78
90,162,silt loam,200,12.085,3.693,12.085,8.392000000000001,227.24072569726513,41.96
92,187,loam,67,7.315,3.9160000000000004,9.754,3.399,86.79775280898876,50.731
93,187,loam,134,9.015,3.9160000000000004,9.754,5.099,130.20939734422882,38.052
94,187,loam,201,8.867,3.9160000000000004,9.754,4.9510000000000005,126.43003064351379,24.632
95,187,loam,268,9.754,3.9160000000000004,9.754,5.837999999999999,149.08069458631252,21.784
97,208,silty clay loam,165,9.972999999999999,8.524,11.105,1.4489999999999998,16.999061473486627,8.782
98,208,silty clay loam,330,11.105,8.524,11.105,2.5810000000000013,30.279211637728785,7.821
100,238,sandy loam,134,9.8,7.1,9.8,2.700000000000001,38.028169014084526,20.149
101,238,sandy loam,202,8.5,7.1,9.8,1.4000000000000004,19.718309859154935,6.931
102,238,sandy loam,269,8.0,7.1,9.8,0.9000000000000004,12.676056338028175,3.346
104,274,clay loam,50,13.94,13.328,14.270999999999999,0.6120000000000001,4.591836734693879,12.24
105,274,clay loam,50,13.815,13.328,14.270999999999999,0.4870000000000001,3.6539615846338545,9.74
106,274,clay loam,90,14.270999999999999,13.328,14.270999999999999,0.9429999999999996,7.0753301320528195,10.478
107,274,clay loam,90,14.158,13.328,14.270999999999999,0.8300000000000001,6.2274909963985605,9.222
108,274,clay loam,130,13.956,13.328,14.270999999999999,0.6280000000000001,4.711884753901561,4.831
109,274,clay loam,130,13.91,13.328,14.270999999999999,0.5820000000000007,4.366746698679477,4.477
110,274,clay loam,180,13.694,13.328,14.270999999999999,0.36600000000000144,2.746098439375761,2.033
111,274,clay loam,180,13.362,13.328,14.270999999999999,0.034000000000000696,0.25510204081633175,0.189
112,274,clay loam,300,14.142999999999999,13.328,14.270999999999999,0.8149999999999995,6.1149459783913525,2.717
113,274,clay loam,300,13.106,13.328,14.270999999999999,-0.22199999999999953,-1.665666266506599,-0.74
115,305,loam,73,9.026,6.781000000000001,10.859000000000002,2.244999999999999,33.107211325763146,30.753
116,305,loam,124,9.402000000000001,6.781000000000001,10.859000000000002,2.6210000000000004,38.65211620704911,21.137
117,305,loam,174,10.859000000000002,6.781000000000001,10.859000000000002,4.078000000000001,60.13862262203216,23.437
118,305,loam,224,10.407,6.781000000000001,10.859000000000002,3.6259999999999994,53.47293909452881,16.187
120,331,silty clay loam,22,15.866,16.108,17.038,-0.24200000000000088,-1.5023590762354164,-11.0
121,331,silty clay loam,45,16.25,16.108,17.038,0.14199999999999946,0.8815495406009403,3.156
122,331,silty clay loam,67,17.038,16.108,17.038,0.9299999999999997,5.773528681400545,13.881
123,331,silty clay loam,90,16.972,16.108,17.038,0.8640000000000008,5.363794387881803,9.6
124,331,silty clay loam,179,16.423,16.108,17.038,0.3149999999999977,1.9555500372485581,1.76
126,372,silty clay,30,10.081,9.652999999999999,13.485999999999999,0.4280000000000008,4.433854760178193,14.267
131,372,silty clay,30,10.366,9.652999999999999,13.485999999999999,0.713000000000001,7.386304775717405,23.767
127,372,silty clay,60,11.235,9.652999999999999,13.485999999999999,1.5820000000000007,16.38868745467731,26.367
132,372,silty clay,60,12.465,9.652999999999999,13.485999999999999,2.812000000000001,29.130840153320225,46.867
128,372,silty clay,90,11.640999999999998,9.652999999999999,13.485999999999999,1.9879999999999995,20.594633792603332,22.089
133,372,silty clay,90,13.103,9.652999999999999,13.485999999999999,3.450000000000001,35.740184398632564,38.333
129,372,silty clay,130,12.402000000000001,9.652999999999999,13.485999999999999,2.7490000000000023,28.478193307779993,21.146
134,372,silty clay,130,13.485999999999999,9.652999999999999,13.485999999999999,3.833,39.70786284056771,29.485
130,372,silty clay,200,12.412,9.652999999999999,13.485999999999999,2.759000000000002,28.581788045167333,13.795
135,372,silty clay,200,13.280999999999999,9.652999999999999,13.485999999999999,3.628,37.58417072412722,18.14
137,393,loam,45,9.834,7.277,12.349,2.5569999999999995,35.13810636251202,56.822
138,393,loam,89,10.561,7.277,12.349,3.284,45.128487013879344,36.899
139,393,loam,134,11.662,7.277,12.349,4.385000000000001,60.25834822042051,32.724
140,393,loam,179,11.865,7.277,12.349,4.588,63.04795932389721,25.631
141,393,loam,224,12.349,7.277,12.349,5.072,69.69905180706336,22.643
143,424,loam,190,6.516,6.664,10.825999999999999,-0.1479999999999997,-2.220888355342132,-0.779
144,424,loam,224,10.825999999999999,6.664,10.825999999999999,4.161999999999999,62.45498199279711,18.58
146,454,silt loam,34,8.012,7.909,8.48,0.10300000000000065,1.3023138196990853,3.029
147,454,silt loam,140,8.48,7.909,8.48,0.5710000000000006,7.219623214059939,4.079
149,489,sandy loam,56,6.671,4.316,10.015,2.3550000000000004,54.564411492122346,42.054
150,489,sandy loam,112,8.752,4.316,10.015,4.436000000000001,102.78035217794258,39.607
151,489,sandy loam,168,9.687999999999999,4.316,10.015,5.371999999999999,124.46709916589434,31.976
152,489,sandy loam,224,8.673,4.316,10.015,4.357,100.94995366079704,19.451
153,489,sandy loam,280,9.799,4.316,10.015,5.483,127.03892493049118,19.582
154,489,sandy loam,336,10.015,4.316,10.015,5.699000000000001,132.04355885078778,16.961
156,554,silty clay loam,50,12.797,10.722999999999999,13.382,2.0740000000000016,19.341602163573643,41.48
157,554,silty clay loam,101,13.023,10.722999999999999,13.382,2.3000000000000007,21.449221300009334,22.772
158,554,silty clay loam,151,13.023,10.722999999999999,13.382,2.3000000000000007,21.449221300009334,15.232
159,554,silty clay loam,202,13.095999999999998,10.722999999999999,13.382,2.3729999999999993,22.130000932574834,11.748
160,554,silty clay loam,252,13.382,10.722999999999999,13.382,2.6590000000000007,24.797164972489053,10.552
162,659,silty clay,50,7.2620000000000005,4.329,12.321,2.9330000000000007,67.75236775236777,58.66
163,659,silty clay,101,10.315,4.329,12.321,5.986,138.27673827673829,59.267
164,659,silty clay,151,11.73,4.329,12.321,7.401000000000001,170.963270963271,49.013
165,659,silty clay,202,11.786,4.329,12.321,7.457,172.25687225687227,36.916
166,659,silty clay,252,12.321,4.329,12.321,7.992,184.6153846153846,31.714
168,675,silt loam,168,12.565,6.797999999999999,15.05,5.767,84.8337746395999,34.327
169,675,silt loam,336,15.05,6.797999999999999,15.05,8.252000000000002,121.38864371874085,24.56
171,677,loam,168,12.507,4.6930000000000005,14.547,7.813999999999999,166.5033027913914,46.512
172,677,loam,336,14.547,4.6930000000000005,14.547,9.854,209.972299168975,29.327
174,678,silt loam,168,13.157,8.363999999999999,13.599,4.793000000000001,57.30511716881877,28.53
175,678,silt loam,336,13.599,8.363999999999999,13.599,5.235000000000001,62.58967001434722,15.58
177,739,silt loam,45,6.056,6.068,11.338,-0.011999999999999567,-0.19775873434409305,-0.267
178,739,silt loam,90,8.601,6.068,11.338,2.5330000000000013,41.74357284113384,28.144
179,739,silt loam,134,11.338,6.068,11.338,5.27,86.84904416611734,39.328
180,739,silt loam,179,10.999,6.068,11.338,4.931000000000001,81.26235992089653,27.547
181,739,silt loam,224,8.477,6.068,11.338,2.4090000000000007,39.70006591957813,10.754
182,739,silt loam,269,9.35,6.068,11.338,3.282,54.08701384311141,12.201
184,744,silt loam,84,5.4,2.9,6.6,2.5000000000000004,86.20689655172416,29.762
185,744,silt loam,168,6.6,2.9,6.6,3.6999999999999997,127.58620689655172,22.024
187,746,silt loam,84,6.1,2.8,6.9,3.3,117.85714285714286,39.286
188,746,silt loam,168,6.9,2.8,6.9,4.1000000000000005,146.42857142857147,24.405
190,782,loam,46,11.474,10.837,14.183,0.6370000000000005,5.878010519516476,13.848
191,782,loam,92,12.207,10.837,14.183,1.370000000000001,12.641875057672797,14.891
192,782,loam,138,13.227,10.837,14.183,2.3900000000000006,22.054074005721148,17.319
193,782,loam,184,14.183,10.837,14.183,3.346,30.875703608009598,18.185
194,782,loam,230,14.183,10.837,14.183,3.346,30.875703608009598,14.548
196,784,silt loam,46,6.566,6.247000000000001,7.0120000000000005,0.31899999999999906,5.106451096526317,6.935
197,784,silt loam,92,7.0120000000000005,6.247000000000001,7.0120000000000005,0.7649999999999997,12.24587802145029,8.315
198,784,silt loam,138,6.087999999999999,6.247000000000001,7.0120000000000005,-0.15900000000000158,-2.545221706419106,-1.152
199,784,silt loam,184,6.757000000000001,6.247000000000001,7.0120000000000005,0.5099999999999998,8.16391868096686,2.772
200,784,silt loam,230,6.534,6.247000000000001,7.0120000000000005,0.28699999999999903,4.594205218504866,1.248
202,787,loam,67,12.0,9.6,13.2,2.4000000000000004,25.000000000000007,35.821
203,787,loam,134,12.0,9.6,13.2,2.4000000000000004,25.000000000000007,17.91
204,787,loam,269,13.2,9.6,13.2,3.5999999999999996,37.5,13.383
206,790,silty clay loam,67,9.9,5.7,12.2,4.2,73.68421052631578,62.687
207,790,silty clay loam,134,11.9,5.7,12.2,6.2,108.77192982456141,46.269
208,790,silty clay loam,269,12.2,5.7,12.2,6.499999999999999,114.03508771929822,24.164
210,793,silt loam,67,14.2,12.9,14.6,1.299999999999999,10.077519379844952,19.403
211,793,silt loam,134,14.3,12.9,14.6,1.4000000000000004,10.852713178294577,10.448
212,793,silt loam,269,14.6,12.9,14.6,1.6999999999999993,13.178294573643404,6.32
214,801,silty clay loam,67,10.9,5.6,13.3,5.300000000000001,94.64285714285717,79.104
215,801,silty clay loam,134,12.4,5.6,13.3,6.800000000000001,121.42857142857144,50.746
216,801,silty clay loam,269,13.3,5.6,13.3,7.700000000000001,137.50000000000003,28.625
218,804,silty clay,67,9.4,8.8,9.7,0.5999999999999996,6.818181818181814,8.955
219,804,silty clay,134,9.7,8.8,9.7,0.8999999999999986,10.22727272727271,6.716
220,804,silty clay,269,9.7,8.8,9.7,0.8999999999999986,10.22727272727271,3.346
222,807,silty clay loam,67,9.8,8.7,9.9,1.1000000000000014,12.643678160919558,16.418
223,807,silty clay loam,134,9.9,8.7,9.9,1.200000000000001,13.793103448275875,8.955
224,807,silty clay loam,269,9.9,8.7,9.9,1.200000000000001,13.793103448275875,4.461
226,811,silty clay loam,67,12.1,10.1,13.2,2.0,19.801980198019802,29.851
227,811,silty clay loam,134,13.1,10.1,13.2,3.0,29.7029702970297,22.388
228,811,silty clay loam,269,13.2,10.1,13.2,3.0999999999999996,30.693069306930692,11.524
230,815,silty clay loam,67,14.0,13.0,14.4,1.0,7.6923076923076925,14.925
231,815,silty clay loam,134,14.3,13.0,14.4,1.3000000000000007,10.000000000000005,9.701
232,815,silty clay loam,269,14.4,13.0,14.4,1.4000000000000004,10.769230769230772,5.204
234,817,silty clay loam,90,8.538,7.165,8.668,1.3730000000000002,19.162595952547107,15.256
235,817,silty clay loam,134,8.668,7.165,8.668,1.5029999999999992,20.976971388695034,11.216
236,817,silty clay loam,179,7.83,7.165,8.668,0.665,9.281228192602931,3.715
237,817,silty clay loam,224,8.045,7.165,8.668,0.8799999999999999,12.28192602930914,3.929
239,831,loamy sand,125,11.2,3.5,12.7,7.699999999999999,219.99999999999997,61.6
240,831,loamy sand,185,11.3,3.5,12.7,7.800000000000001,222.85714285714286,42.162
241,831,loamy sand,250,12.0,3.5,12.7,8.5,242.85714285714283,34.0
242,831,loamy sand,250,12.7,3.5,12.7,9.2,262.85714285714283,36.8
243,831,loamy sand,300,11.9,3.5,12.7,8.4,240.0,28.0
245,836,sandy loam,125,3.6,2.7,4.1,0.8999999999999999,33.33333333333333,7.2
246,836,sandy loam,185,3.5,2.7,4.1,0.7999999999999998,29.629629629629623,4.324
247,836,sandy loam,250,4.1,2.7,4.1,1.3999999999999995,51.851851851851826,5.6
248,836,sandy loam,250,4.0,2.7,4.1,1.2999999999999998,48.14814814814814,5.2
249,836,sandy loam,300,3.8,2.7,4.1,1.0999999999999996,40.740740740740726,3.667
251,901,silt loam,60,8.756,4.197,12.436,4.559,108.62520848224923,75.983
252,901,silt loam,120,9.62,4.197,12.436,5.422999999999999,129.21134143435785,45.192
253,901,silt loam,180,12.265,4.197,12.436,8.068000000000001,192.23254705742198,44.822
254,901,silt loam,260,12.436,4.197,12.436,8.239,196.30688587086016,31.688
256,902,silt loam,70,12.692,8.744,14.405999999999999,3.9480000000000004,45.150960658737425,56.4
257,902,silt loam,140,14.405999999999999,8.744,14.405999999999999,5.661999999999999,64.75297346752058,40.443
258,902,silt loam,210,11.982999999999999,8.744,14.405999999999999,3.238999999999999,37.04254345837145,15.424
260,904,loam,70,15.728,14.914000000000001,16.980999999999998,0.8139999999999983,5.457958964731113,11.629
261,904,loam,140,15.843,14.914000000000001,16.980999999999998,0.9289999999999985,6.229046533458485,6.636
262,904,loam,210,16.980999999999998,14.914000000000001,16.980999999999998,2.0669999999999966,13.859460909212796,9.843
264,906,loam,70,15.957,13.704,18.557000000000002,2.253,16.44045534150613,32.186
265,906,loam,140,16.652,13.704,18.557000000000002,2.9480000000000004,21.511967308814945,21.057
266,906,loam,210,18.557000000000002,13.704,18.557000000000002,4.8530000000000015,35.41301809690602,23.11
268,946,silt loam,60,7.553999999999999,4.343999999999999,14.501,3.21,73.8950276243094,53.5
269,946,silt loam,120,10.128,4.343999999999999,14.501,5.784000000000001,133.14917127071826,48.2
270,946,silt loam,180,13.175,4.343999999999999,14.501,8.831000000000001,203.291896869245,49.061
271,946,silt loam,240,14.501,4.343999999999999,14.501,10.157,233.81675874769803,42.321
273,949,silt loam,60,13.026,10.508,13.630999999999998,2.5180000000000007,23.96269508945566,41.967
274,949,silt loam,120,13.549000000000001,10.508,13.630999999999998,3.041000000000002,28.939855348306075,25.342
275,949,silt loam,180,13.205,10.508,13.630999999999998,2.697000000000001,25.66615911686335,14.983
276,949,silt loam,240,13.630999999999998,10.508,13.630999999999998,3.1229999999999993,29.720213170917393,13.012
278,953,silt loam,60,10.862,11.049000000000001,11.565,-0.18700000000000117,-1.6924608561860905,-3.117
279,953,silt loam,120,10.787,11.049000000000001,11.565,-0.26200000000000045,-2.371255317223282,-2.183
280,953,silt loam,180,10.569,11.049000000000001,11.565,-0.4800000000000004,-4.34428455063807,-2.667
281,953,silt loam,240,11.565,11.049000000000001,11.565,0.5159999999999982,4.670105891935905,2.15
283,957,silt loam,60,15.38,13.86,16.884,1.5200000000000014,10.966810966810977,25.333
284,957,silt loam,120,16.884,13.86,16.884,3.024000000000001,21.818181818181827,25.2
285,957,silt loam,180,16.281,13.86,16.884,2.4209999999999994,17.467532467532465,13.45
286,957,silt loam,240,16.163,13.86,16.884,2.303000000000001,16.616161616161623,9.596
288,959,silt loam,60,15.038,12.890999999999998,17.208,2.147000000000002,16.65503064153287,35.783
289,959,silt loam,120,16.308,12.890999999999998,17.208,3.4170000000000016,26.506865254828966,28.475
290,959,silt loam,180,17.208,12.890999999999998,17.208,4.317,33.48848033511753,23.983
291,959,silt loam,240,16.634,12.890999999999998,17.208,3.743000000000002,29.035761383911275,15.596
293,961,sandy loam,60,15.703,11.834000000000001,17.99,3.868999999999998,32.693932736183854,64.483
294,961,sandy loam,120,16.249000000000002,11.834000000000001,17.99,4.415000000000001,37.30775730944736,36.792
295,961,sandy loam,180,16.471,11.834000000000001,17.99,4.636999999999999,39.18370796011491,25.761
296,961,sandy loam,240,17.99,11.834000000000001,17.99,6.155999999999997,52.01960452932226,25.65
298,965,silt loam,60,12.612,10.296,14.949000000000002,2.3160000000000007,22.494172494172503,38.6
299,965,silt loam,120,14.302,10.296,14.949000000000002,4.006,38.908313908313914,33.383
300,965,silt loam,180,14.347999999999999,10.296,14.949000000000002,4.052,39.35508935508935,22.511
301,965,silt loam,240,14.949000000000002,10.296,14.949000000000002,4.653000000000002,45.192307692307715,19.388
303,1033,loam,101,8.1,4.3,8.9,3.8,88.37209302325581,37.624
304,1033,loam,202,8.9,4.3,8.9,4.6000000000000005,106.97674418604652,22.772
306,1093,loam,34,10.88,8.57,12.42,2.3100000000000005,26.95449241540257,67.941
307,1093,loam,67,12.2,8.57,12.42,3.629999999999999,42.3570595099183,54.179
308,1093,loam,134,12.42,8.57,12.42,3.8499999999999996,44.92415402567094,28.731
310,1095,loam,34,12.23,11.93,13.58,0.3000000000000007,2.514668901927919,8.824
311,1095,loam,67,13.0,11.93,13.58,1.0700000000000003,8.968985750209558,15.97
312,1095,loam,134,13.58,11.93,13.58,1.6500000000000004,13.830678960603523,12.313
314,1097,loam,34,5.44,4.35,6.67,1.0900000000000007,25.057471264367837,32.059
315,1097,loam,67,6.67,4.35,6.67,2.3200000000000003,53.33333333333334,34.627
316,1097,loam,134,6.54,4.35,6.67,2.1900000000000004,50.34482758620691,16.343
318,1102,silt loam,50,4.0169999999999995,2.134,5.084,1.8829999999999996,88.23805060918461,37.66
319,1102,silt loam,100,4.143,2.134,5.084,2.009,94.14245548266167,20.09
320,1102,silt loam,150,5.084,2.134,5.084,2.9499999999999997,138.23805060918463,19.667
322,1104,loam,50,12.467,9.934,14.562999999999999,2.5330000000000013,25.498288705456023,50.66
323,1104,loam,100,13.638,9.934,14.562999999999999,3.7040000000000006,37.286088182001215,37.04
324,1104,loam,150,14.265999999999998,9.934,14.562999999999999,4.331999999999999,43.607811556271386,28.88
325,1104,loam,200,13.724,9.934,14.562999999999999,3.790000000000001,38.15180189249045,18.95
326,1104,loam,250,14.562999999999999,9.934,14.562999999999999,4.629,46.59754378900745,18.516
328,1107,clay loam,50,6.647,5.11,13.706,1.537,30.078277886497062,30.74
329,1107,clay loam,100,11.274000000000001,5.11,13.706,6.164000000000001,120.62622309197653,61.64
330,1107,clay loam,150,12.113,5.11,13.706,7.002999999999999,137.04500978473578,46.687
331,1107,clay loam,200,13.093,5.11,13.706,7.983,156.22309197651663,39.915
332,1107,clay loam,250,13.706,5.11,13.706,8.596,168.21917808219177,34.384
334,1110,clay,50,6.3260000000000005,5.955,9.996,0.37100000000000044,6.230058774139386,7.42
335,1110,clay,100,9.061,5.955,9.996,3.106,52.157850545759864,31.06
336,1110,clay,150,9.725,5.955,9.996,3.7699999999999996,63.30814441645675,25.133
337,1110,clay,200,9.996,5.955,9.996,4.041,67.85894206549119,20.205
338,1110,clay,250,9.933,5.955,9.996,3.9779999999999998,66.80100755667506,15.912
340,1112,clay loam,50,9.919,5.757000000000001,10.767999999999999,4.162,72.29459788084071,83.24
341,1112,clay loam,100,10.193999999999999,5.757000000000001,10.767999999999999,4.4369999999999985,77.07139134966124,44.37
342,1112,clay loam,150,10.767999999999999,5.757000000000001,10.767999999999999,5.010999999999998,87.0418620809449,33.407
343,1112,clay loam,200,10.607000000000001,5.757000000000001,10.767999999999999,4.8500000000000005,84.24526663192636,24.25
345,1114,loam,50,2.4459999999999997,1.037,8.342,1.4089999999999998,135.87270973963354,28.18
346,1114,loam,100,5.666,1.037,8.342,4.6290000000000004,446.38379942140796,46.29
347,1114,loam,150,8.342,1.037,8.342,7.305000000000001,704.4358727097398,48.7
348,1114,loam,200,8.129,1.037,8.342,7.092,683.8958534233366,35.46
350,1115,clay loam,50,3.798,2.033,8.187999999999999,1.7650000000000001,86.81751106738811,35.3
351,1115,clay loam,100,6.0120000000000005,2.033,8.187999999999999,3.9790000000000005,195.72060993605513,39.79
352,1115,clay loam,150,7.1370000000000005,2.033,8.187999999999999,5.104000000000001,251.0575504181014,34.027
353,1115,clay loam,200,8.187999999999999,2.033,8.187999999999999,6.154999999999999,302.75454992621735,30.775
355,1154,clay,80,10.642999999999999,10.728,11.792,-0.08500000000000085,-0.7923191648023943,-1.063
356,1154,clay,120,11.05,10.728,11.792,0.32200000000000095,3.001491424310225,2.683
357,1154,clay,160,5.1610000000000005,10.728,11.792,-5.566999999999999,-51.89224459358687,-34.794
358,1154,clay,200,9.25,10.728,11.792,-1.4779999999999998,-13.777032065622668,-7.39
359,1154,clay,240,11.792,10.728,11.792,1.064,9.917971662938106,4.433
361,1158,clay loam,50,5.818,3.0010000000000003,6.261,2.8169999999999993,93.86871042985668,56.34
362,1158,clay loam,100,5.931,3.0010000000000003,6.261,2.9299999999999997,97.63412195934687,29.3
363,1158,clay loam,150,6.261,3.0010000000000003,6.261,3.26,108.63045651449514,21.733
364,1158,clay loam,200,0.31,3.0010000000000003,6.261,-2.6910000000000003,-89.67010996334554,-13.455
366,1160,clay loam,50,4.184,2.458,6.318,1.726,70.21969080553295,34.52
367,1160,clay loam,100,5.737,2.458,6.318,3.279,133.40113913751014,32.79
368,1160,clay loam,150,6.318,2.458,6.318,3.8599999999999994,157.0382424735557,25.733
369,1160,clay loam,200,0.48100000000000004,2.458,6.318,-1.977,-80.43124491456469,-9.885
371,1164,sandy loam,50,2.265,1.784,8.527000000000001,0.4810000000000001,26.961883408071753,9.62
372,1164,sandy loam,100,3.562,1.784,8.527000000000001,1.7779999999999998,99.66367713004483,17.78
373,1164,sandy loam,150,4.687,1.784,8.527000000000001,2.9030000000000005,162.72421524663682,19.353
374,1164,sandy loam,200,6.83,1.784,8.527000000000001,5.046,282.847533632287,25.23
375,1164,sandy loam,250,8.527000000000001,1.784,8.527000000000001,6.743000000000001,377.97085201793726,26.972
377,1167,silty clay loam,50,11.761,12.049000000000001,12.624,-0.28800000000000203,-2.390239853929803,-5.76
378,1167,silty clay loam,100,12.624,12.049000000000001,12.624,0.5749999999999993,4.77218026392231,5.75
379,1167,silty clay loam,150,4.4,12.049000000000001,12.624,-7.649000000000001,-63.4824466760727,-50.993
380,1167,silty clay loam,200,7.716,12.049000000000001,12.624,-4.333000000000001,-35.96149058013114,-21.665
381,1167,silty clay loam,250,8.119,12.049000000000001,12.624,-3.9300000000000015,-32.61681467341689,-15.72
383,1168,silty clay,50,10.738,10.404000000000002,12.567,0.33399999999999785,3.21030372933485,6.68
384,1168,silty clay,100,11.372,10.404000000000002,12.567,0.9679999999999982,9.30411380238368,9.68
385,1168,silty clay,150,11.737,10.404000000000002,12.567,1.3329999999999984,12.812379853902328,8.887
386,1168,silty clay,200,11.743,10.404000000000002,12.567,1.3389999999999986,12.87004998077661,6.695
387,1168,silty clay,250,12.567,10.404000000000002,12.567,2.1629999999999985,20.790080738177604,8.652
389,1170,sandy loam,50,9.318,9.453,11.655,-0.1349999999999998,-1.4281180577594395,-2.7
390,1170,sandy loam,100,9.586,9.453,11.655,0.1330000000000009,1.4069607532000519,1.33
391,1170,sandy loam,150,7.035,9.453,11.655,-2.4179999999999993,-25.579181212313546,-16.12
392,1170,sandy loam,200,6.045,9.453,11.655,-3.4079999999999995,-36.052046969216114,-17.04
393,1170,sandy loam,250,11.655,9.453,11.655,2.202,23.294192319898446,8.808
395,1181,loamy sand,45,3.0989999999999998,3.014,3.1639999999999997,0.08499999999999996,2.8201725282017245,1.889
396,1181,loamy sand,90,2.608,3.014,3.1639999999999997,-0.4059999999999997,-13.470471134704704,-4.511
397,1181,loamy sand,135,3.1639999999999997,3.014,3.1639999999999997,0.1499999999999999,4.976775049767748,1.111
398,1181,loamy sand,200,2.8480000000000003,3.014,3.1639999999999997,-0.16599999999999948,-5.507631055076294,-0.83
400,1184,clay loam,45,9.918,8.176,9.918,1.741999999999999,21.306262230919753,38.711
401,1184,clay loam,90,9.869,8.176,9.918,1.6929999999999996,20.70694716242661,18.811
402,1184,clay loam,135,8.776,8.176,9.918,0.5999999999999996,7.3385518590998,4.444
403,1184,clay loam,200,8.965,8.176,9.918,0.7889999999999997,9.650195694716238,3.945
405,1185,sandy loam,45,10.511,9.629,11.42,0.8819999999999997,9.159829681171457,19.6
406,1185,sandy loam,90,11.394,9.629,11.42,1.7650000000000006,18.330044656766027,19.611
407,1185,sandy loam,135,11.149000000000001,9.629,11.42,1.5200000000000014,15.785647523107293,11.259
408,1185,sandy loam,200,11.42,9.629,11.42,1.7910000000000004,18.600062311766543,8.955
410,1188,silt loam,45,9.224,8.258,10.498,0.9660000000000011,11.697747638653441,21.467
411,1188,silt loam,90,10.334000000000001,8.258,10.498,2.0760000000000023,25.13925890046019,23.067
412,1188,silt loam,135,10.498,8.258,10.498,2.24,27.125211915718094,16.593
413,1188,silt loam,200,9.894,8.258,10.498,1.636000000000001,19.81109227415841,8.18
